datetime,Pregnancies
01-Jan-25,6
02-Jan-25,1
03-Jan-25,8
04-Jan-25,1
05-Jan-25,0
06-Jan-25,5
07-Jan-25,3
08-Jan-25,10
09-Jan-25,2
10-Jan-25,8
11-Jan-25,4
12-Jan-25,10
13-Jan-25,10
14-Jan-25,1
15-Jan-25,5
16-Jan-25,7
17-Jan-25,0
18-Jan-25,7
19-Jan-25,1
20-Jan-25,1
21-Jan-25,3
22-Jan-25,8
23-Jan-25,7
24-Jan-25,9
25-Jan-25,11
26-Jan-25,10
27-Jan-25,7
28-Jan-25,1
29-Jan-25,13
30-Jan-25,5
31-Jan-25,5
01-Feb-25,3
02-Feb-25,3
03-Feb-25,6
04-Feb-25,10
05-Feb-25,4
06-Feb-25,11
07-Feb-25,9
08-Feb-25,2
09-Feb-25,4
10-Feb-25,3
11-Feb-25,7
12-Feb-25,7
13-Feb-25,9
14-Feb-25,7
15-Feb-25,0
16-Feb-25,1
17-Feb-25,2
18-Feb-25,7
19-Feb-25,7
20-Feb-25,1
21-Feb-25,1
22-Feb-25,5
23-Feb-25,8
24-Feb-25,7
25-Feb-25,1
26-Feb-25,7
27-Feb-25,0
28-Feb-25,0
01-Mar-25,0
02-Mar-25,2
03-Mar-25,8
04-Mar-25,5
05-Mar-25,2
06-Mar-25,7
07-Mar-25,5
08-Mar-25,0
09-Mar-25,2
10-Mar-25,1
11-Mar-25,4
12-Mar-25,2
13-Mar-25,5
14-Mar-25,13
15-Mar-25,4
16-Mar-25,1
17-Mar-25,1
18-Mar-25,7
19-Mar-25,5
20-Mar-25,0
21-Mar-25,2
22-Mar-25,3
23-Mar-25,2
24-Mar-25,7
25-Mar-25,0
26-Mar-25,5
27-Mar-25,2
28-Mar-25,13
29-Mar-25,2
30-Mar-25,15
31-Mar-25,1
01-Apr-25,1
02-Apr-25,4
03-Apr-25,7
04-Apr-25,4
05-Apr-25,2
06-Apr-25,6
07-Apr-25,2
08-Apr-25,1
09-Apr-25,6
10-Apr-25,1
11-Apr-25,1
12-Apr-25,1
13-Apr-25,0
14-Apr-25,1
15-Apr-25,2
16-Apr-25,1
17-Apr-25,1
18-Apr-25,4
19-Apr-25,3
20-Apr-25,0
21-Apr-25,3
22-Apr-25,8
23-Apr-25,1
24-Apr-25,4
25-Apr-25,7
26-Apr-25,4
27-Apr-25,5
28-Apr-25,5
29-Apr-25,4
30-Apr-25,4
01-May-25,0
02-May-25,6
03-May-25,2
04-May-25,5
05-May-25,0
06-May-25,1
07-May-25,3
08-May-25,1
09-May-25,1
10-May-25,0
11-May-25,4
12-May-25,9
13-May-25,3
14-May-25,8
15-May-25,2
16-May-25,2
17-May-25,0
18-May-25,0
19-May-25,0
20-May-25,5
21-May-25,3
22-May-25,5
23-May-25,2
24-May-25,10
25-May-25,4
26-May-25,0
27-May-25,9
28-May-25,2
29-May-25,5
30-May-25,2
31-May-25,1
01-Jun-25,4
02-Jun-25,9
03-Jun-25,1
04-Jun-25,8
05-Jun-25,7
06-Jun-25,2
07-Jun-25,1
08-Jun-25,2
09-Jun-25,17
10-Jun-25,4
11-Jun-25,7
12-Jun-25,0
13-Jun-25,2
14-Jun-25,0
15-Jun-25,6
16-Jun-25,3
17-Jun-25,4
18-Jun-25,4
19-Jun-25,3
20-Jun-25,6
21-Jun-25,6
22-Jun-25,2
23-Jun-25,1
24-Jun-25,2
25-Jun-25,8
26-Jun-25,6
27-Jun-25,0
28-Jun-25,5
29-Jun-25,5
30-Jun-25,6
01-Jul-25,0
02-Jul-25,1
03-Jul-25,5
04-Jul-25,4
05-Jul-25,7
06-Jul-25,8
07-Jul-25,1
08-Jul-25,8
09-Jul-25,5
10-Jul-25,3
11-Jul-25,9
12-Jul-25,7
13-Jul-25,11
14-Jul-25,8
15-Jul-25,5
16-Jul-25,1
17-Jul-25,3
18-Jul-25,4
19-Jul-25,4
20-Jul-25,0
21-Jul-25,1
22-Jul-25,0
23-Jul-25,2
24-Jul-25,6
25-Jul-25,5
26-Jul-25,8
27-Jul-25,5
28-Jul-25,1
29-Jul-25,7
30-Jul-25,2
31-Jul-25,0
01-Aug-25,7
02-Aug-25,0
03-Aug-25,9
04-Aug-25,12
05-Aug-25,5
06-Aug-25,6
07-Aug-25,5
08-Aug-25,5
09-Aug-25,0
10-Aug-25,2
11-Aug-25,7
12-Aug-25,7
13-Aug-25,1
14-Aug-25,1
15-Aug-25,0
16-Aug-25,3
17-Aug-25,4
18-Aug-25,0
19-Aug-25,4
20-Aug-25,6
21-Aug-25,1
22-Aug-25,4
23-Aug-25,3
24-Aug-25,4
25-Aug-25,7
26-Aug-25,0
27-Aug-25,9
28-Aug-25,0
29-Aug-25,1
30-Aug-25,4
31-Aug-25,3
01-Sep-25,6
02-Sep-25,2
03-Sep-25,9
04-Sep-25,10
05-Sep-25,0
06-Sep-25,9
07-Sep-25,1
08-Sep-25,9
09-Sep-25,2
10-Sep-25,2
11-Sep-25,0
12-Sep-25,12
13-Sep-25,1
14-Sep-25,3
15-Sep-25,2
16-Sep-25,1
17-Sep-25,11
18-Sep-25,3
19-Sep-25,3
20-Sep-25,4
21-Sep-25,3
22-Sep-25,4
23-Sep-25,5
24-Sep-25,0
25-Sep-25,2
26-Sep-25,0
27-Sep-25,2
28-Sep-25,10
29-Sep-25,2
30-Sep-25,3
01-Oct-25,1
02-Oct-25,13
03-Oct-25,2
04-Oct-25,7
05-Oct-25,0
06-Oct-25,5
07-Oct-25,2
08-Oct-25,0
09-Oct-25,10
10-Oct-25,7
11-Oct-25,7
12-Oct-25,2
13-Oct-25,7
14-Oct-25,5
15-Oct-25,1
16-Oct-25,4
17-Oct-25,5
18-Oct-25,0
19-Oct-25,0
20-Oct-25,2
21-Oct-25,1
22-Oct-25,0
23-Oct-25,6
24-Oct-25,2
25-Oct-25,0
26-Oct-25,14
27-Oct-25,8
28-Oct-25,0
29-Oct-25,2
30-Oct-25,5
31-Oct-25,5
01-Nov-25,3
02-Nov-25,2
03-Nov-25,10
04-Nov-25,0
05-Nov-25,0
06-Nov-25,2
07-Nov-25,6
08-Nov-25,0
09-Nov-25,2
10-Nov-25,3
11-Nov-25,7
12-Nov-25,2
13-Nov-25,3
14-Nov-25,3
15-Nov-25,3
16-Nov-25,6
17-Nov-25,4
18-Nov-25,3
19-Nov-25,0
20-Nov-25,13
21-Nov-25,2
22-Nov-25,1
23-Nov-25,1
24-Nov-25,10
25-Nov-25,2
26-Nov-25,6
27-Nov-25,8
28-Nov-25,2
29-Nov-25,1
30-Nov-25,12
01-Dec-25,1
02-Dec-25,0
03-Dec-25,0
04-Dec-25,5
05-Dec-25,9
06-Dec-25,7
07-Dec-25,1
08-Dec-25,1
09-Dec-25,1
10-Dec-25,5
11-Dec-25,8
12-Dec-25,8
13-Dec-25,1
14-Dec-25,3
15-Dec-25,3
16-Dec-25,5
17-Dec-25,4
18-Dec-25,4
19-Dec-25,3
20-Dec-25,1
21-Dec-25,3
22-Dec-25,9
23-Dec-25,1
24-Dec-25,13
25-Dec-25,12
26-Dec-25,1
27-Dec-25,5
28-Dec-25,5
29-Dec-25,5
30-Dec-25,4
31-Dec-25,4
01-Jan-26,5
02-Jan-26,6
03-Jan-26,0
04-Jan-26,3
05-Jan-26,1
06-Jan-26,3
07-Jan-26,0
08-Jan-26,0
09-Jan-26,2
10-Jan-26,2
11-Jan-26,12
12-Jan-26,0
13-Jan-26,1
14-Jan-26,4
15-Jan-26,0
16-Jan-26,1
17-Jan-26,0
18-Jan-26,1
19-Jan-26,1
20-Jan-26,1
21-Jan-26,1
22-Jan-26,5
23-Jan-26,8
24-Jan-26,5
25-Jan-26,3
26-Jan-26,1
27-Jan-26,5
28-Jan-26,1
29-Jan-26,4
30-Jan-26,4
31-Jan-26,2
01-Feb-26,3
02-Feb-26,0
03-Feb-26,3
04-Feb-26,3
05-Feb-26,4
06-Feb-26,6
07-Feb-26,5
08-Feb-26,9
09-Feb-26,5
10-Feb-26,2
11-Feb-26,4
12-Feb-26,0
13-Feb-26,8
14-Feb-26,1
15-Feb-26,6
16-Feb-26,1
17-Feb-26,1
18-Feb-26,1
19-Feb-26,0
20-Feb-26,3
21-Feb-26,1
22-Feb-26,4
23-Feb-26,1
24-Feb-26,3
25-Feb-26,1
26-Feb-26,2
27-Feb-26,0
28-Feb-26,2
01-Mar-26,8
02-Mar-26,4
03-Mar-26,0
04-Mar-26,1
05-Mar-26,0
06-Mar-26,1
07-Mar-26,2
08-Mar-26,3
09-Mar-26,1
10-Mar-26,2
11-Mar-26,1
12-Mar-26,0
13-Mar-26,12
14-Mar-26,5
15-Mar-26,1
16-Mar-26,6
17-Mar-26,0
18-Mar-26,2
19-Mar-26,4
20-Mar-26,8
21-Mar-26,4
22-Mar-26,0
23-Mar-26,1
24-Mar-26,0
25-Mar-26,0
26-Mar-26,0
27-Mar-26,1
28-Mar-26,2
29-Mar-26,0
30-Mar-26,2
31-Mar-26,2
01-Apr-26,14
02-Apr-26,1
03-Apr-26,5
04-Apr-26,10
05-Apr-26,9
06-Apr-26,9
07-Apr-26,1
08-Apr-26,8
09-Apr-26,5
10-Apr-26,10
11-Apr-26,0
12-Apr-26,0
13-Apr-26,0
14-Apr-26,8
15-Apr-26,6
16-Apr-26,1
17-Apr-26,0
18-Apr-26,0
19-Apr-26,7
20-Apr-26,4
21-Apr-26,0
22-Apr-26,2
23-Apr-26,7
24-Apr-26,8
25-Apr-26,4
26-Apr-26,3
27-Apr-26,0
28-Apr-26,4
29-Apr-26,0
30-Apr-26,0
01-May-26,0
02-May-26,1
03-May-26,0
04-May-26,4
05-May-26,8
06-May-26,2
07-May-26,2
08-May-26,4
09-May-26,4
10-May-26,3
11-May-26,6
12-May-26,5
13-May-26,2
14-May-26,7
15-May-26,6
16-May-26,2
17-May-26,3
18-May-26,6
19-May-26,7
20-May-26,3
21-May-26,10
22-May-26,0
23-May-26,1
24-May-26,2
25-May-26,8
26-May-26,12
27-May-26,0
28-May-26,9
29-May-26,2
30-May-26,3
31-May-26,3
01-Jun-26,9
02-Jun-26,7
03-Jun-26,13
04-Jun-26,6
05-Jun-26,2
06-Jun-26,3
07-Jun-26,6
08-Jun-26,9
09-Jun-26,3
10-Jun-26,3
11-Jun-26,1
12-Jun-26,3
13-Jun-26,0
14-Jun-26,0
15-Jun-26,2
16-Jun-26,0
17-Jun-26,1
18-Jun-26,6
19-Jun-26,1
20-Jun-26,4
21-Jun-26,0
22-Jun-26,0
23-Jun-26,0
24-Jun-26,3
25-Jun-26,8
26-Jun-26,3
27-Jun-26,10
28-Jun-26,4
29-Jun-26,1
30-Jun-26,8
01-Jul-26,5
02-Jul-26,4
03-Jul-26,1
04-Jul-26,4
05-Jul-26,1
06-Jul-26,3
07-Jul-26,6
08-Jul-26,1
09-Jul-26,1
10-Jul-26,7
11-Jul-26,1
12-Jul-26,8
13-Jul-26,11
14-Jul-26,11
15-Jul-26,6
16-Jul-26,0
17-Jul-26,1
18-Jul-26,6
19-Jul-26,0
20-Jul-26,2
21-Jul-26,1
22-Jul-26,6
23-Jul-26,4
24-Jul-26,0
25-Jul-26,3
26-Jul-26,2
27-Jul-26,3
28-Jul-26,2
29-Jul-26,1
30-Jul-26,1
31-Jul-26,6
01-Aug-26,2
02-Aug-26,10
03-Aug-26,2
04-Aug-26,0
05-Aug-26,6
06-Aug-26,12
07-Aug-26,8
08-Aug-26,8
09-Aug-26,1
10-Aug-26,8
11-Aug-26,6
12-Aug-26,3
13-Aug-26,0
14-Aug-26,11
15-Aug-26,2
16-Aug-26,3
17-Aug-26,2
18-Aug-26,6
19-Aug-26,0
20-Aug-26,0
21-Aug-26,1
22-Aug-26,1
23-Aug-26,1
24-Aug-26,1
25-Aug-26,6
26-Aug-26,1
27-Aug-26,7
28-Aug-26,4
29-Aug-26,1
30-Aug-26,1
31-Aug-26,1
01-Sep-26,0
02-Sep-26,1
03-Sep-26,3
04-Sep-26,3
05-Sep-26,7
06-Sep-26,6
07-Sep-26,11
08-Sep-26,3
09-Sep-26,6
10-Sep-26,2
11-Sep-26,9
12-Sep-26,0
13-Sep-26,2
14-Sep-26,2
15-Sep-26,6
16-Sep-26,0
17-Sep-26,2
18-Sep-26,4
19-Sep-26,0
20-Sep-26,0
21-Sep-26,5
22-Sep-26,4
23-Sep-26,7
24-Sep-26,0
25-Sep-26,2
26-Sep-26,1
27-Sep-26,10
28-Sep-26,13
29-Sep-26,5
30-Sep-26,2
01-Oct-26,7
02-Oct-26,1
03-Oct-26,0
04-Oct-26,4
05-Oct-26,6
06-Oct-26,4
07-Oct-26,3
08-Oct-26,2
09-Oct-26,1
10-Oct-26,0
11-Oct-26,11
12-Oct-26,0
13-Oct-26,1
14-Oct-26,1
15-Oct-26,5
16-Oct-26,2
17-Oct-26,1
18-Oct-26,2
19-Oct-26,2
20-Oct-26,1
21-Oct-26,11
22-Oct-26,3
23-Oct-26,10
24-Oct-26,1
25-Oct-26,8
26-Oct-26,9
27-Oct-26,6
28-Oct-26,1
29-Oct-26,4
30-Oct-26,10
31-Oct-26,6
01-Nov-26,9
02-Nov-26,6
03-Nov-26,1
04-Nov-26,10
05-Nov-26,3
06-Nov-26,8
07-Nov-26,6
08-Nov-26,9
09-Nov-26,0
10-Nov-26,3
11-Nov-26,2
12-Nov-26,2
13-Nov-26,0
14-Nov-26,0
15-Nov-26,4
16-Nov-26,5
17-Nov-26,2
18-Nov-26,3
19-Nov-26,1
20-Nov-26,1
21-Nov-26,1
22-Nov-26,8
23-Nov-26,13
24-Nov-26,2
25-Nov-26,7
26-Nov-26,2
27-Nov-26,7
28-Nov-26,3
29-Nov-26,0
30-Nov-26,4
01-Dec-26,4
02-Dec-26,2
03-Dec-26,6
04-Dec-26,1
05-Dec-26,2
06-Dec-26,4
07-Dec-26,6
08-Dec-26,10
09-Dec-26,2
10-Dec-26,9
11-Dec-26,2
12-Dec-26,3
13-Dec-26,5
14-Dec-26,10
15-Dec-26,0
16-Dec-26,3
17-Dec-26,7
18-Dec-26,3
19-Dec-26,10
20-Dec-26,1
21-Dec-26,5
22-Dec-26,4
23-Dec-26,1
24-Dec-26,1
25-Dec-26,5
26-Dec-26,1
27-Dec-26,4
28-Dec-26,1
29-Dec-26,0
30-Dec-26,2
31-Dec-26,2
01-Jan-27,3
02-Jan-27,8
03-Jan-27,2
04-Jan-27,2
05-Jan-27,2
06-Jan-27,4
07-Jan-27,0
08-Jan-27,8
09-Jan-27,2
10-Jan-27,1
11-Jan-27,11
12-Jan-27,3
13-Jan-27,1
14-Jan-27,9
15-Jan-27,13
16-Jan-27,12
17-Jan-27,1
18-Jan-27,1
19-Jan-27,3
20-Jan-27,6
21-Jan-27,4
22-Jan-27,1
23-Jan-27,3
24-Jan-27,0
25-Jan-27,8
26-Jan-27,1
27-Jan-27,7
28-Jan-27,0
29-Jan-27,1
30-Jan-27,6
31-Jan-27,2
01-Feb-27,9
02-Feb-27,9
03-Feb-27,10
04-Feb-27,2
05-Feb-27,5
06-Feb-27,1
07-Feb-27,1
